test,run_id,NumMacPar,XRes,YRes,ZRes,interp,total_ms,initMPs_ms,updateQ_ms,updateFi_ms,updateForce_ms,collision_ms,pinch_ms,bunchUpdate_ms,L_eff,L_nom,sqrtS,peakMem_bytes,A
hourglass,1,50000,50,100,50,cubic,795104.419,44.295,776.798,794216.849,37.773,7.479,0.000,59.114,1.367547e+33,1.382540e+33,2.500000e+02,2865256,0.1
hourglass,2,50000,50,100,50,cubic,794438.577,44.519,738.261,793597.639,36.484,6.834,0.000,55.419,1.367449e+33,1.382540e+33,2.500000e+02,2865256,0.1
hourglass,3,50000,50,100,50,cubic,795355.386,43.841,739.554,794511.066,36.765,6.904,0.000,56.793,1.367110e+33,1.382540e+33,2.500000e+02,2865256,0.1
hourglass,1,50000,50,100,50,cubic,793987.904,45.748,738.371,793145.061,36.585,6.940,0.000,56.378,2.336776e+33,2.394629e+33,2.500000e+02,2865256,0.3
hourglass,2,50000,50,100,50,cubic,794161.756,44.943,726.774,793329.705,36.285,7.011,0.000,57.079,2.348081e+33,2.394629e+33,2.500000e+02,2865256,0.3
hourglass,3,50000,50,100,50,cubic,798308.055,44.400,765.601,797433.999,37.346,7.755,0.000,56.015,2.346574e+33,2.394629e+33,2.500000e+02,2865256,0.3
hourglass,1,50000,50,100,50,cubic,804760.036,43.994,780.583,803858.237,39.819,9.123,0.000,59.511,2.939232e+33,3.091453e+33,2.500000e+02,2865256,0.5
hourglass,2,50000,50,100,50,cubic,825097.454,44.419,724.660,824259.093,39.227,8.036,0.000,59.068,2.910754e+33,3.091453e+33,2.500000e+02,2865256,0.5
hourglass,3,50000,50,100,50,cubic,794675.430,43.895,751.284,793818.886,36.970,7.187,0.000,56.551,2.927735e+33,3.091453e+33,2.500000e+02,2865256,0.5
hourglass,1,50000,50,100,50,cubic,795011.866,44.709,787.195,794118.620,36.994,7.047,0.000,57.453,3.414415e+33,3.786241e+33,2.500000e+02,2865256,0.75
hourglass,2,50000,50,100,50,cubic,795714.191,43.704,743.393,794866.378,36.438,7.060,0.000,56.632,3.410214e+33,3.786241e+33,2.500000e+02,2865256,0.75
hourglass,3,50000,50,100,50,cubic,795006.631,43.874,726.329,794176.049,36.738,7.257,0.000,55.367,3.403491e+33,3.786241e+33,2.500000e+02,2865256,0.75
hourglass,1,50000,50,100,50,cubic,794676.222,44.383,744.742,793825.316,36.586,7.281,0.000,57.180,3.764068e+33,4.371975e+33,2.500000e+02,2865256,1.0
hourglass,2,50000,50,100,50,cubic,794926.830,43.981,779.605,794041.463,36.910,7.524,0.000,55.784,3.749532e+33,4.371975e+33,2.500000e+02,2865256,1.0
hourglass,3,50000,50,100,50,cubic,794738.835,44.176,769.422,793860.774,37.107,6.876,0.000,60.648,3.742383e+33,4.371975e+33,2.500000e+02,2865256,1.0
hourglass,1,50000,50,100,50,cubic,794724.916,44.686,772.434,793844.251,36.938,6.899,0.000,60.351,4.147870e+33,5.354554e+33,2.500000e+02,2865256,1.5
hourglass,2,50000,50,100,50,cubic,794936.541,43.971,749.286,794078.463,37.261,6.902,0.000,60.437,4.116564e+33,5.354554e+33,2.500000e+02,2865256,1.5
hourglass,3,50000,50,100,50,cubic,794048.714,44.461,728.122,793214.875,36.489,7.230,0.000,56.823,4.123936e+33,5.354554e+33,2.500000e+02,2865256,1.5
hourglass,1,50000,50,100,50,cubic,794825.568,44.189,734.820,793987.184,36.574,7.224,0.000,55.153,4.333402e+33,6.182906e+33,2.500000e+02,2865256,2.0
hourglass,2,50000,50,100,50,cubic,794579.084,44.542,736.491,793738.358,36.670,6.980,0.000,56.127,4.325547e+33,6.182906e+33,2.500000e+02,2865256,2.0
hourglass,3,50000,50,100,50,cubic,794937.761,43.757,731.148,794102.315,36.448,7.259,0.000,55.579,4.335445e+33,6.182906e+33,2.500000e+02,2865256,2.0
hourglass,1,50000,50,100,50,cubic,793521.786,45.176,741.382,792675.477,36.482,7.261,0.000,56.191,4.474429e+33,7.572482e+33,2.500000e+02,2865256,3.0
hourglass,2,50000,50,100,50,cubic,794300.912,44.802,734.067,793462.456,36.509,7.131,0.000,55.854,4.463783e+33,7.572482e+33,2.500000e+02,2865256,3.0
hourglass,3,50000,50,100,50,cubic,794417.368,44.550,728.233,793584.272,36.679,7.003,0.000,56.486,4.472767e+33,7.572482e+33,2.500000e+02,2865256,3.0
hourglass,1,50000,50,100,50,cubic,794568.042,44.016,749.856,793712.746,36.468,7.119,0.000,56.755,4.382262e+33,9.776033e+33,2.500000e+02,2865256,5.0
hourglass,2,50000,50,100,50,cubic,794606.911,44.515,733.895,793768.334,36.566,7.069,0.000,56.333,4.386793e+33,9.776033e+33,2.500000e+02,2865256,5.0
hourglass,3,50000,50,100,50,cubic,794019.737,44.265,735.637,793180.743,36.577,6.843,0.000,55.460,4.420971e+33,9.776033e+33,2.500000e+02,2865256,5.0
