test,run_id,NumMacPar,XRes,YRes,ZRes,interp,total_ms,initMPs_ms,updateQ_ms,updateFi_ms,updateForce_ms,collision_ms,pinch_ms,bunchUpdate_ms,L_eff,L_nom,sqrtS,peakMem_bytes
grid_conv,1,50000,10,10,10,cubic,90.267,28.015,34.454,42.573,1.157,0.202,0.000,11.573,3.409829e+33,3.786241e+33,2.500000e+02,2865256
grid_conv,2,50000,10,10,10,cubic,90.747,28.500,35.116,42.666,1.126,0.190,0.000,11.382,3.418884e+33,3.786241e+33,2.500000e+02,2865256
grid_conv,3,50000,10,10,10,cubic,93.892,28.278,36.876,44.237,1.108,0.192,0.000,11.202,3.430611e+33,3.786241e+33,2.500000e+02,2865256
grid_conv,1,50000,30,30,30,cubic,11998.503,28.792,270.546,11686.341,4.681,1.526,0.000,33.808,3.771370e+33,3.786241e+33,2.500000e+02,2865256
grid_conv,2,50000,30,30,30,cubic,12250.408,28.387,259.461,11950.322,4.665,1.472,0.000,32.873,3.740111e+33,3.786241e+33,2.500000e+02,2865256
grid_conv,3,50000,30,30,30,cubic,12258.359,28.594,265.228,11953.152,4.627,1.489,0.000,32.325,3.763134e+33,3.786241e+33,2.500000e+02,2865256
grid_conv,1,50000,50,50,50,cubic,205742.888,29.863,784.319,204859.083,22.965,6.730,0.000,57.142,3.783754e+33,3.786241e+33,2.500000e+02,2865256
grid_conv,2,50000,50,50,50,cubic,209294.060,29.889,440.214,208753.898,23.016,6.645,0.000,57.309,3.768107e+33,3.786241e+33,2.500000e+02,2865256
grid_conv,3,50000,50,50,50,cubic,209614.927,29.862,753.308,208762.663,22.827,6.919,0.000,56.933,3.760096e+33,3.786241e+33,2.500000e+02,2865256
grid_conv,1,50000,100,100,100,cubic,11473434.826,37.836,1640.748,11471253.410,286.777,64.935,0.000,128.982,3.777550e+33,3.786241e+33,2.500000e+02,9574672
grid_conv,2,50000,100,100,100,cubic,11808082.079,37.457,1734.596,11805812.011,291.339,62.665,0.000,127.699,3.780081e+33,3.786241e+33,2.500000e+02,4113816
grid_conv,3,50000,100,100,100,cubic,11246951.955,37.952,1634.583,11244810.335,271.728,64.382,0.000,110.268,3.786976e+33,3.786241e+33,2.500000e+02,2681000
