test,run_id,NumMacPar,XRes,YRes,ZRes,interp,total_ms,initMPs_ms,updateQ_ms,updateFi_ms,updateForce_ms,collision_ms,pinch_ms,bunchUpdate_ms,L_eff,L_nom,sqrtS,peakMem_bytes,theta
crossing,1,50000,50,50,50,cubic,219658.232,30.458,772.785,218791.415,23.012,5.309,0.000,59.263,3.777408e+33,3.786241e+33,2.500000e+02,2865256,0
crossing,2,50000,50,50,50,cubic,223178.552,29.638,772.801,222310.990,23.193,5.412,0.000,59.887,3.752634e+33,3.786241e+33,2.500000e+02,2865256,0
crossing,3,50000,50,50,50,cubic,223783.412,29.760,790.669,222896.600,23.164,5.422,0.000,60.843,3.764916e+33,3.786241e+33,2.500000e+02,2865256,0
crossing,1,50000,50,50,50,cubic,214622.983,31.247,756.719,213773.481,22.131,5.238,0.000,58.537,3.705142e+33,3.786241e+33,2.500000e+02,2865256,5e-6
crossing,2,50000,50,50,50,cubic,208398.401,31.670,751.299,207553.611,22.274,5.192,0.000,59.207,3.687712e+33,3.786241e+33,2.500000e+02,2865256,5e-6
crossing,3,50000,50,50,50,cubic,208265.606,31.754,739.262,207441.733,21.453,4.938,0.000,51.864,3.705981e+33,3.786241e+33,2.500000e+02,2865256,5e-6
crossing,1,50000,50,50,50,cubic,208310.788,31.643,763.707,207457.250,21.768,5.027,0.000,56.173,3.490608e+33,3.786241e+33,2.500000e+02,2865256,1e-5
crossing,2,50000,50,50,50,cubic,208337.362,31.220,742.764,207504.008,21.718,5.237,0.000,56.473,3.499319e+33,3.786241e+33,2.500000e+02,2865256,1e-5
crossing,3,50000,50,50,50,cubic,208417.325,30.973,751.567,207575.519,21.691,5.257,0.000,56.308,3.501434e+33,3.786241e+33,2.500000e+02,2865256,1e-5
crossing,1,50000,50,50,50,cubic,204076.867,31.483,754.836,203233.858,21.396,5.086,0.000,55.188,2.953750e+33,3.786241e+33,2.500000e+02,2865256,2e-5
crossing,2,50000,50,50,50,cubic,208519.046,31.666,760.735,207665.574,21.700,5.262,0.000,59.001,2.952015e+33,3.786241e+33,2.500000e+02,2865256,2e-5
crossing,3,50000,50,50,50,cubic,203740.446,32.054,764.131,202884.176,21.714,5.343,0.000,58.296,2.958334e+33,3.786241e+33,2.500000e+02,2865256,2e-5
crossing,1,50000,50,50,50,cubic,204064.260,32.916,771.471,203201.863,21.580,5.043,0.000,57.640,2.423884e+33,3.786241e+33,2.500000e+02,2865256,3e-5
crossing,2,50000,50,50,50,cubic,203691.748,31.362,758.149,202843.057,21.608,5.200,0.000,56.590,2.432684e+33,3.786241e+33,2.500000e+02,2865256,3e-5
crossing,3,50000,50,50,50,cubic,208354.625,32.102,740.318,207526.951,21.422,5.090,0.000,54.643,2.435234e+33,3.786241e+33,2.500000e+02,2865256,3e-5
crossing,1,50000,50,50,50,cubic,203668.036,32.792,722.999,202856.789,21.225,4.953,0.000,55.937,1.702948e+33,3.786241e+33,2.500000e+02,2865256,5e-5
crossing,2,50000,50,50,50,cubic,204459.432,31.916,729.907,203641.001,21.528,5.161,0.000,55.254,1.698529e+33,3.786241e+33,2.500000e+02,2865256,5e-5
crossing,3,50000,50,50,50,cubic,208424.781,31.738,717.202,207616.519,21.622,5.128,0.000,57.624,1.709760e+33,3.786241e+33,2.500000e+02,2865256,5e-5
crossing,1,50000,50,50,50,cubic,208780.880,31.733,689.733,208001.416,21.589,5.288,0.000,56.301,1.274082e+33,3.786241e+33,2.500000e+02,2865256,7e-5
crossing,2,50000,50,50,50,cubic,208515.039,31.364,688.697,207736.748,21.563,5.220,0.000,55.559,1.289127e+33,3.786241e+33,2.500000e+02,2865256,7e-5
crossing,3,50000,50,50,50,cubic,203708.770,31.864,684.305,202934.688,21.528,5.113,0.000,56.804,1.279741e+33,3.786241e+33,2.500000e+02,2865256,7e-5
crossing,1,50000,50,50,50,cubic,207997.063,32.146,382.017,207523.719,21.584,5.289,0.000,57.183,9.280886e+32,3.786241e+33,2.500000e+02,2865256,1e-4
crossing,2,50000,50,50,50,cubic,204229.871,31.588,665.663,203474.347,21.518,4.993,0.000,57.098,9.269752e+32,3.786241e+33,2.500000e+02,2865256,1e-4
crossing,3,50000,50,50,50,cubic,203577.816,31.506,665.171,202822.943,21.383,5.067,0.000,57.118,9.283317e+32,3.786241e+33,2.500000e+02,2865256,1e-4
